company,year,metric,value_usd,value_bn
Abbott,2016,Revenue,20853000000,20.853
Abbott,2017,Revenue,6335000000,6.335
Abbott,2017,Revenue,6637000000,6.637
Abbott,2017,Revenue,6829000000,6.829
Abbott,2017,Revenue,27390000000,27.39
Abbott,2017,Revenue,27390000000,27.39
Abbott,2017,Revenue,7589000000,7.589
Abbott,2018,Revenue,7390000000,7.39
Abbott,2018,Revenue,7390000000,7.39
Abbott,2018,Revenue,7767000000,7.767
Abbott,2018,Revenue,7767000000,7.767
Abbott,2018,Revenue,7656000000,7.656
Abbott,2018,Revenue,7656000000,7.656
Abbott,2018,Revenue,30578000000,30.578
Abbott,2018,Revenue,30578000000,30.578
Abbott,2018,Revenue,30578000000,30.578
Abbott,2018,Revenue,7765000000,7.765
Abbott,2018,Revenue,7765000000,7.765
Abbott,2019,Revenue,7535000000,7.535
Abbott,2019,Revenue,7979000000,7.979
Abbott,2019,Revenue,8076000000,8.076
Abbott,2019,Revenue,31904000000,31.904
Abbott,2019,Revenue,31904000000,31.904
Abbott,2019,Revenue,31904000000,31.904
Abbott,2019,Revenue,8314000000,8.314
Abbott,2020,Revenue,34608000000,34.608
Abbott,2020,Revenue,34608000000,34.608
Abbott,2020,Revenue,34608000000,34.608
Abbott,2021,Revenue,43075000000,43.075
Abbott,2021,Revenue,43075000000,43.075
Abbott,2021,Revenue,43075000000,43.075
Abbott,2022,Revenue,43653000000,43.653
Abbott,2022,Revenue,43653000000,43.653
Abbott,2022,Revenue,43653000000,43.653
Abbott,2023,Revenue,40109000000,40.109
Abbott,2023,Revenue,40109000000,40.109
Abbott,2023,Revenue,40109000000,40.109
Abbott,2024,Revenue,41950000000,41.95
Abbott,2024,Revenue,41950000000,41.95
Abbott,2025,Revenue,44328000000,44.328
Abbott,2015,NetIncome,2292000000,2.292
Abbott,2015,NetIncome,2292000000,2.292
Abbott,2015,NetIncome,784000000,0.784
Abbott,2015,NetIncome,784000000,0.784
Abbott,2015,NetIncome,580000000,0.58
Abbott,2015,NetIncome,580000000,0.58
Abbott,2015,NetIncome,4423000000,4.423
Abbott,2015,NetIncome,4423000000,4.423
Abbott,2015,NetIncome,4423000000,4.423
Abbott,2015,NetIncome,767000000,0.767
Abbott,2015,NetIncome,767000000,0.767
Abbott,2016,NetIncome,316000000,0.316
Abbott,2016,NetIncome,316000000,0.316
Abbott,2016,NetIncome,615000000,0.615
Abbott,2016,NetIncome,615000000,0.615
Abbott,2016,NetIncome,-329000000,-0.329
Abbott,2016,NetIncome,-329000000,-0.329
Abbott,2016,NetIncome,1400000000,1.4
Abbott,2016,NetIncome,1400000000,1.4
Abbott,2016,NetIncome,1400000000,1.4
Abbott,2016,NetIncome,798000000,0.798
Abbott,2016,NetIncome,798000000,0.798
Abbott,2017,NetIncome,419000000,0.419
Abbott,2017,NetIncome,419000000,0.419
Abbott,2017,NetIncome,283000000,0.283
Abbott,2017,NetIncome,283000000,0.283
Abbott,2017,NetIncome,603000000,0.603
Abbott,2017,NetIncome,603000000,0.603
Abbott,2017,NetIncome,477000000,0.477
Abbott,2017,NetIncome,477000000,0.477
Abbott,2017,NetIncome,477000000,0.477
Abbott,2017,NetIncome,-828000000,-0.828
Abbott,2017,NetIncome,-828000000,-0.828
Abbott,2018,NetIncome,418000000,0.418
Abbott,2018,NetIncome,418000000,0.418
Abbott,2018,NetIncome,733000000,0.733
Abbott,2018,NetIncome,733000000,0.733
Abbott,2018,NetIncome,563000000,0.563
Abbott,2018,NetIncome,563000000,0.563
Abbott,2018,NetIncome,2368000000,2.368
Abbott,2018,NetIncome,2368000000,2.368
Abbott,2018,NetIncome,2368000000,2.368
Abbott,2018,NetIncome,654000000,0.654
Abbott,2018,NetIncome,654000000,0.654
Abbott,2019,NetIncome,672000000,0.672
Abbott,2019,NetIncome,1006000000,1.006
Abbott,2019,NetIncome,960000000,0.96
Abbott,2019,NetIncome,3687000000,3.687
Abbott,2019,NetIncome,3687000000,3.687
Abbott,2019,NetIncome,3687000000,3.687
Abbott,2019,NetIncome,1049000000,1.049
Abbott,2020,NetIncome,4495000000,4.495
Abbott,2020,NetIncome,4495000000,4.495
Abbott,2020,NetIncome,4495000000,4.495
Abbott,2021,NetIncome,7071000000,7.071
Abbott,2021,NetIncome,7071000000,7.071
Abbott,2021,NetIncome,7071000000,7.071
Abbott,2022,NetIncome,6933000000,6.933
Abbott,2022,NetIncome,6933000000,6.933
Abbott,2022,NetIncome,6933000000,6.933
Abbott,2023,NetIncome,5723000000,5.723
Abbott,2023,NetIncome,5723000000,5.723
Abbott,2023,NetIncome,5723000000,5.723
Abbott,2024,NetIncome,13402000000,13.402
Abbott,2024,NetIncome,13402000000,13.402
Abbott,2025,NetIncome,6524000000,6.524
Abbott,2017,R&D,2260000000,2.26
Abbott,2018,R&D,2300000000,2.3
Abbott,2018,R&D,2300000000,2.3
Abbott,2019,R&D,2440000000,2.44
Abbott,2019,R&D,2440000000,2.44
Abbott,2019,R&D,2440000000,2.44
Abbott,2020,R&D,2420000000,2.42
Abbott,2020,R&D,2420000000,2.42
Abbott,2020,R&D,2420000000,2.42
Abbott,2021,R&D,2742000000,2.742
Abbott,2021,R&D,2742000000,2.742
Abbott,2021,R&D,2742000000,2.742
Abbott,2022,R&D,2888000000,2.888
Abbott,2022,R&D,2888000000,2.888
Abbott,2022,R&D,2888000000,2.888
Abbott,2023,R&D,2741000000,2.741
Abbott,2023,R&D,2741000000,2.741
Abbott,2023,R&D,2741000000,2.741
Abbott,2024,R&D,2844000000,2.844
Abbott,2024,R&D,2844000000,2.844
Abbott,2025,R&D,2942000000,2.942
Stryker,2016,Revenue,11325000000,11.325
Stryker,2017,Revenue,2955000000,2.955
Stryker,2017,Revenue,3012000000,3.012
Stryker,2017,Revenue,3006000000,3.006
Stryker,2017,Revenue,12444000000,12.444
Stryker,2017,Revenue,12444000000,12.444
Stryker,2017,Revenue,3471000000,3.471
Stryker,2018,Revenue,3241000000,3.241
Stryker,2018,Revenue,3241000000,3.241
Stryker,2018,Revenue,3322000000,3.322
Stryker,2018,Revenue,3322000000,3.322
Stryker,2018,Revenue,3242000000,3.242
Stryker,2018,Revenue,3242000000,3.242
Stryker,2018,Revenue,13601000000,13.601
Stryker,2018,Revenue,13601000000,13.601
Stryker,2018,Revenue,13601000000,13.601
Stryker,2018,Revenue,3796000000,3.796
Stryker,2018,Revenue,3796000000,3.796
Stryker,2019,Revenue,3516000000,3.516
Stryker,2019,Revenue,3516000000,3.516
Stryker,2019,Revenue,3650000000,3.65
Stryker,2019,Revenue,3650000000,3.65
Stryker,2019,Revenue,3587000000,3.587
Stryker,2019,Revenue,3587000000,3.587
Stryker,2019,Revenue,14884000000,14.884
Stryker,2019,Revenue,14884000000,14.884
Stryker,2019,Revenue,14884000000,14.884
Stryker,2019,Revenue,4131000000,4.131
Stryker,2019,Revenue,4131000000,4.131
Stryker,2020,Revenue,3588000000,3.588
Stryker,2020,Revenue,3588000000,3.588
Stryker,2020,Revenue,2764000000,2.764
Stryker,2020,Revenue,2764000000,2.764
Stryker,2020,Revenue,3737000000,3.737
Stryker,2020,Revenue,3737000000,3.737
Stryker,2020,Revenue,14351000000,14.351
Stryker,2020,Revenue,14351000000,14.351
Stryker,2020,Revenue,14351000000,14.351
Stryker,2020,Revenue,4262000000,4.262
Stryker,2020,Revenue,4262000000,4.262
Stryker,2021,Revenue,3953000000,3.953
Stryker,2021,Revenue,3953000000,3.953
Stryker,2021,Revenue,4294000000,4.294
Stryker,2021,Revenue,4294000000,4.294
Stryker,2021,Revenue,4160000000,4.16
Stryker,2021,Revenue,4160000000,4.16
Stryker,2021,Revenue,17108000000,17.108
Stryker,2021,Revenue,17108000000,17.108
Stryker,2021,Revenue,17108000000,17.108
Stryker,2021,Revenue,4701000000,4.701
Stryker,2021,Revenue,4701000000,4.701
Stryker,2022,Revenue,4275000000,4.275
Stryker,2022,Revenue,4275000000,4.275
Stryker,2022,Revenue,4493000000,4.493
Stryker,2022,Revenue,4493000000,4.493
Stryker,2022,Revenue,4479000000,4.479
Stryker,2022,Revenue,4479000000,4.479
Stryker,2022,Revenue,18449000000,18.449
Stryker,2022,Revenue,18449000000,18.449
Stryker,2022,Revenue,18449000000,18.449
Stryker,2022,Revenue,5202000000,5.202
Stryker,2022,Revenue,5202000000,5.202
Stryker,2023,Revenue,4778000000,4.778
Stryker,2023,Revenue,4778000000,4.778
Stryker,2023,Revenue,4996000000,4.996
Stryker,2023,Revenue,4996000000,4.996
Stryker,2023,Revenue,4909000000,4.909
Stryker,2023,Revenue,4909000000,4.909
Stryker,2023,Revenue,20498000000,20.498
Stryker,2023,Revenue,20498000000,20.498
Stryker,2023,Revenue,20498000000,20.498
Stryker,2023,Revenue,5815000000,5.815
Stryker,2023,Revenue,5815000000,5.815
Stryker,2024,Revenue,5243000000,5.243
Stryker,2024,Revenue,5243000000,5.243
Stryker,2024,Revenue,5422000000,5.422
Stryker,2024,Revenue,5422000000,5.422
Stryker,2024,Revenue,5494000000,5.494
Stryker,2024,Revenue,5494000000,5.494
Stryker,2024,Revenue,22595000000,22.595
Stryker,2024,Revenue,22595000000,22.595
Stryker,2024,Revenue,6436000000,6.436
Stryker,2024,Revenue,6436000000,6.436
Stryker,2025,Revenue,5866000000,5.866
Stryker,2025,Revenue,6022000000,6.022
Stryker,2025,Revenue,6057000000,6.057
Stryker,2025,Revenue,25116000000,25.116
Stryker,2025,Revenue,7171000000,7.171
Stryker,2015,NetIncome,224000000,0.224
Stryker,2015,NetIncome,224000000,0.224
Stryker,2015,NetIncome,392000000,0.392
Stryker,2015,NetIncome,392000000,0.392
Stryker,2015,NetIncome,301000000,0.301
Stryker,2015,NetIncome,301000000,0.301
Stryker,2015,NetIncome,1439000000,1.439
Stryker,2015,NetIncome,1439000000,1.439
Stryker,2015,NetIncome,1439000000,1.439
Stryker,2015,NetIncome,522000000,0.522
Stryker,2015,NetIncome,522000000,0.522
Stryker,2016,NetIncome,402000000,0.402
Stryker,2016,NetIncome,402000000,0.402
Stryker,2016,NetIncome,380000000,0.38
Stryker,2016,NetIncome,380000000,0.38
Stryker,2016,NetIncome,355000000,0.355
Stryker,2016,NetIncome,355000000,0.355
Stryker,2016,NetIncome,1647000000,1.647
Stryker,2016,NetIncome,1647000000,1.647
Stryker,2016,NetIncome,1647000000,1.647
Stryker,2016,NetIncome,510000000,0.51
Stryker,2016,NetIncome,510000000,0.51
Stryker,2017,NetIncome,444000000,0.444
Stryker,2017,NetIncome,444000000,0.444
Stryker,2017,NetIncome,391000000,0.391
Stryker,2017,NetIncome,391000000,0.391
Stryker,2017,NetIncome,434000000,0.434
Stryker,2017,NetIncome,434000000,0.434
Stryker,2017,NetIncome,1020000000,1.02
Stryker,2017,NetIncome,1020000000,1.02
Stryker,2017,NetIncome,1020000000,1.02
Stryker,2017,NetIncome,-249000000,-0.249
Stryker,2017,NetIncome,-249000000,-0.249
Stryker,2018,NetIncome,443000000,0.443
Stryker,2018,NetIncome,443000000,0.443
Stryker,2018,NetIncome,452000000,0.452
Stryker,2018,NetIncome,452000000,0.452
Stryker,2018,NetIncome,590000000,0.59
Stryker,2018,NetIncome,590000000,0.59
Stryker,2018,NetIncome,3553000000,3.553
Stryker,2018,NetIncome,3553000000,3.553
Stryker,2018,NetIncome,3553000000,3.553
Stryker,2018,NetIncome,2068000000,2.068
Stryker,2018,NetIncome,2068000000,2.068
Stryker,2019,NetIncome,412000000,0.412
Stryker,2019,NetIncome,412000000,0.412
Stryker,2019,NetIncome,480000000,0.48
Stryker,2019,NetIncome,480000000,0.48
Stryker,2019,NetIncome,466000000,0.466
Stryker,2019,NetIncome,466000000,0.466
Stryker,2019,NetIncome,2083000000,2.083
Stryker,2019,NetIncome,2083000000,2.083
Stryker,2019,NetIncome,2083000000,2.083
Stryker,2019,NetIncome,725000000,0.725
Stryker,2019,NetIncome,725000000,0.725
Stryker,2020,NetIncome,493000000,0.493
Stryker,2020,NetIncome,493000000,0.493
Stryker,2020,NetIncome,-83000000,-0.083
Stryker,2020,NetIncome,-83000000,-0.083
Stryker,2020,NetIncome,621000000,0.621
Stryker,2020,NetIncome,621000000,0.621
Stryker,2020,NetIncome,1599000000,1.599
Stryker,2020,NetIncome,1599000000,1.599
Stryker,2020,NetIncome,1599000000,1.599
Stryker,2020,NetIncome,568000000,0.568
Stryker,2020,NetIncome,568000000,0.568
Stryker,2021,NetIncome,302000000,0.302
Stryker,2021,NetIncome,302000000,0.302
Stryker,2021,NetIncome,592000000,0.592
Stryker,2021,NetIncome,592000000,0.592
Stryker,2021,NetIncome,438000000,0.438
Stryker,2021,NetIncome,438000000,0.438
Stryker,2021,NetIncome,1994000000,1.994
Stryker,2021,NetIncome,1994000000,1.994
Stryker,2021,NetIncome,1994000000,1.994
Stryker,2021,NetIncome,662000000,0.662
Stryker,2021,NetIncome,662000000,0.662
Stryker,2022,NetIncome,323000000,0.323
Stryker,2022,NetIncome,323000000,0.323
Stryker,2022,NetIncome,656000000,0.656
Stryker,2022,NetIncome,656000000,0.656
Stryker,2022,NetIncome,816000000,0.816
Stryker,2022,NetIncome,816000000,0.816
Stryker,2022,NetIncome,2358000000,2.358
Stryker,2022,NetIncome,2358000000,2.358
Stryker,2022,NetIncome,2358000000,2.358
Stryker,2022,NetIncome,563000000,0.563
Stryker,2022,NetIncome,563000000,0.563
Stryker,2023,NetIncome,592000000,0.592
Stryker,2023,NetIncome,592000000,0.592
Stryker,2023,NetIncome,738000000,0.738
Stryker,2023,NetIncome,738000000,0.738
Stryker,2023,NetIncome,692000000,0.692
Stryker,2023,NetIncome,692000000,0.692
Stryker,2023,NetIncome,3165000000,3.165
Stryker,2023,NetIncome,3165000000,3.165
Stryker,2023,NetIncome,3165000000,3.165
Stryker,2023,NetIncome,1143000000,1.143
Stryker,2023,NetIncome,1143000000,1.143
Stryker,2024,NetIncome,788000000,0.788
Stryker,2024,NetIncome,788000000,0.788
Stryker,2024,NetIncome,825000000,0.825
Stryker,2024,NetIncome,825000000,0.825
Stryker,2024,NetIncome,834000000,0.834
Stryker,2024,NetIncome,834000000,0.834
Stryker,2024,NetIncome,2993000000,2.993
Stryker,2024,NetIncome,2993000000,2.993
Stryker,2024,NetIncome,546000000,0.546
Stryker,2024,NetIncome,546000000,0.546
Stryker,2025,NetIncome,654000000,0.654
Stryker,2025,NetIncome,884000000,0.884
Stryker,2025,NetIncome,859000000,0.859
Stryker,2025,NetIncome,3246000000,3.246
Stryker,2025,NetIncome,849000000,0.849
Stryker,2015,R&D,625000000,0.625
Stryker,2015,R&D,625000000,0.625
Stryker,2015,R&D,625000000,0.625
Stryker,2016,R&D,715000000,0.715
Stryker,2016,R&D,715000000,0.715
Stryker,2016,R&D,715000000,0.715
Stryker,2017,R&D,787000000,0.787
Stryker,2017,R&D,787000000,0.787
Stryker,2017,R&D,787000000,0.787
Stryker,2018,R&D,862000000,0.862
Stryker,2018,R&D,862000000,0.862
Stryker,2018,R&D,862000000,0.862
Stryker,2019,R&D,971000000,0.971
Stryker,2019,R&D,971000000,0.971
Stryker,2019,R&D,971000000,0.971
Stryker,2020,R&D,984000000,0.984
Stryker,2020,R&D,984000000,0.984
Stryker,2020,R&D,984000000,0.984
Stryker,2021,R&D,1235000000,1.235
Stryker,2021,R&D,1235000000,1.235
Stryker,2021,R&D,1235000000,1.235
Stryker,2022,R&D,1454000000,1.454
Stryker,2022,R&D,1454000000,1.454
Stryker,2022,R&D,1454000000,1.454
Stryker,2023,R&D,1388000000,1.388
Stryker,2023,R&D,1388000000,1.388
Stryker,2023,R&D,1388000000,1.388
Stryker,2024,R&D,1466000000,1.466
Stryker,2024,R&D,1466000000,1.466
Stryker,2025,R&D,1623000000,1.623
Boston_Scientific,2016,Revenue,8386000000,8.386
Boston_Scientific,2017,Revenue,9048000000,9.048
Boston_Scientific,2017,Revenue,9048000000,9.048
Boston_Scientific,2018,Revenue,9823000000,9.823
Boston_Scientific,2018,Revenue,9823000000,9.823
Boston_Scientific,2018,Revenue,9823000000,9.823
Boston_Scientific,2019,Revenue,10735000000,10.735
Boston_Scientific,2019,Revenue,10735000000,10.735
Boston_Scientific,2019,Revenue,10735000000,10.735
Boston_Scientific,2020,Revenue,9913000000,9.913
Boston_Scientific,2020,Revenue,9913000000,9.913
Boston_Scientific,2020,Revenue,9913000000,9.913
Boston_Scientific,2021,Revenue,11888000000,11.888
Boston_Scientific,2021,Revenue,11888000000,11.888
Boston_Scientific,2021,Revenue,11888000000,11.888
Boston_Scientific,2022,Revenue,12682000000,12.682
Boston_Scientific,2022,Revenue,12682000000,12.682
Boston_Scientific,2022,Revenue,12682000000,12.682
Boston_Scientific,2023,Revenue,14240000000,14.24
Boston_Scientific,2023,Revenue,14240000000,14.24
Boston_Scientific,2023,Revenue,14240000000,14.24
Boston_Scientific,2024,Revenue,16747000000,16.747
Boston_Scientific,2024,Revenue,16747000000,16.747
Boston_Scientific,2025,Revenue,20074000000,20.074
Becton_Dickinson,2016,Revenue,12483000000,12.483
Becton_Dickinson,2016,Revenue,2922000000,2.922
Becton_Dickinson,2017,Revenue,2969000000,2.969
Becton_Dickinson,2017,Revenue,3035000000,3.035
Becton_Dickinson,2017,Revenue,12093000000,12.093
Becton_Dickinson,2017,Revenue,12093000000,12.093
Becton_Dickinson,2017,Revenue,3166000000,3.166
Becton_Dickinson,2017,Revenue,3080000000,3.08
Becton_Dickinson,2017,Revenue,3080000000,3.08
Becton_Dickinson,2018,Revenue,4222000000,4.222
Becton_Dickinson,2018,Revenue,4222000000,4.222
Becton_Dickinson,2018,Revenue,4278000000,4.278
Becton_Dickinson,2018,Revenue,4278000000,4.278
Becton_Dickinson,2018,Revenue,15983000000,15.983
Becton_Dickinson,2018,Revenue,15983000000,15.983
Becton_Dickinson,2018,Revenue,15983000000,15.983
Becton_Dickinson,2018,Revenue,4402000000,4.402
Becton_Dickinson,2018,Revenue,4402000000,4.402
Becton_Dickinson,2018,Revenue,4160000000,4.16
Becton_Dickinson,2018,Revenue,4160000000,4.16
Becton_Dickinson,2019,Revenue,4195000000,4.195
Becton_Dickinson,2019,Revenue,4195000000,4.195
Becton_Dickinson,2019,Revenue,4350000000,4.35
Becton_Dickinson,2019,Revenue,4350000000,4.35
Becton_Dickinson,2019,Revenue,17290000000,17.29
Becton_Dickinson,2019,Revenue,17290000000,17.29
Becton_Dickinson,2019,Revenue,17290000000,17.29
Becton_Dickinson,2019,Revenue,4584000000,4.584
Becton_Dickinson,2019,Revenue,4584000000,4.584
Becton_Dickinson,2019,Revenue,4225000000,4.225
Becton_Dickinson,2020,Revenue,4253000000,4.253
Becton_Dickinson,2020,Revenue,3855000000,3.855
Becton_Dickinson,2020,Revenue,17117000000,17.117
Becton_Dickinson,2020,Revenue,17117000000,17.117
Becton_Dickinson,2020,Revenue,16074000000,16.074
Becton_Dickinson,2020,Revenue,4784000000,4.784
Becton_Dickinson,2021,Revenue,20248000000,20.248
Becton_Dickinson,2021,Revenue,19131000000,19.131
Becton_Dickinson,2021,Revenue,19131000000,19.131
Becton_Dickinson,2022,Revenue,18870000000,18.87
Becton_Dickinson,2022,Revenue,18870000000,18.87
Becton_Dickinson,2022,Revenue,18870000000,18.87
Becton_Dickinson,2023,Revenue,19372000000,19.372
Becton_Dickinson,2023,Revenue,19372000000,19.372
Becton_Dickinson,2023,Revenue,19372000000,19.372
Becton_Dickinson,2024,Revenue,20178000000,20.178
Becton_Dickinson,2024,Revenue,20178000000,20.178
Becton_Dickinson,2025,Revenue,21840000000,21.84
Becton_Dickinson,2015,NetIncome,216000000,0.216
Becton_Dickinson,2015,NetIncome,216000000,0.216
Becton_Dickinson,2015,NetIncome,62000000,0.062
Becton_Dickinson,2015,NetIncome,62000000,0.062
Becton_Dickinson,2015,NetIncome,695000000,0.695
Becton_Dickinson,2015,NetIncome,695000000,0.695
Becton_Dickinson,2015,NetIncome,695000000,0.695
Becton_Dickinson,2015,NetIncome,181000000,0.181
Becton_Dickinson,2015,NetIncome,181000000,0.181
Becton_Dickinson,2015,NetIncome,229000000,0.229
Becton_Dickinson,2015,NetIncome,229000000,0.229
Becton_Dickinson,2016,NetIncome,338000000,0.338
Becton_Dickinson,2016,NetIncome,338000000,0.338
Becton_Dickinson,2016,NetIncome,390000000,0.39
Becton_Dickinson,2016,NetIncome,390000000,0.39
Becton_Dickinson,2016,NetIncome,976000000,0.976
Becton_Dickinson,2016,NetIncome,976000000,0.976
Becton_Dickinson,2016,NetIncome,976000000,0.976
Becton_Dickinson,2016,NetIncome,19000000,0.019
Becton_Dickinson,2016,NetIncome,19000000,0.019
Becton_Dickinson,2016,NetIncome,562000000,0.562
Becton_Dickinson,2016,NetIncome,562000000,0.562
Becton_Dickinson,2017,NetIncome,344000000,0.344
Becton_Dickinson,2017,NetIncome,344000000,0.344
Becton_Dickinson,2017,NetIncome,-132000000,-0.132
Becton_Dickinson,2017,NetIncome,-132000000,-0.132
Becton_Dickinson,2017,NetIncome,1100000000,1.1
Becton_Dickinson,2017,NetIncome,1100000000,1.1
Becton_Dickinson,2017,NetIncome,1100000000,1.1
Becton_Dickinson,2017,NetIncome,327000000,0.327
Becton_Dickinson,2017,NetIncome,327000000,0.327
Becton_Dickinson,2017,NetIncome,-136000000,-0.136
Becton_Dickinson,2017,NetIncome,-136000000,-0.136
Becton_Dickinson,2018,NetIncome,-12000000,-0.012
Becton_Dickinson,2018,NetIncome,-12000000,-0.012
Becton_Dickinson,2018,NetIncome,594000000,0.594
Becton_Dickinson,2018,NetIncome,594000000,0.594
Becton_Dickinson,2018,NetIncome,311000000,0.311
Becton_Dickinson,2018,NetIncome,311000000,0.311
Becton_Dickinson,2018,NetIncome,311000000,0.311
Becton_Dickinson,2018,NetIncome,-135000000,-0.135
Becton_Dickinson,2018,NetIncome,-135000000,-0.135
Becton_Dickinson,2018,NetIncome,599000000,0.599
Becton_Dickinson,2018,NetIncome,599000000,0.599
Becton_Dickinson,2019,NetIncome,20000000,0.02
Becton_Dickinson,2019,NetIncome,20000000,0.02
Becton_Dickinson,2019,NetIncome,451000000,0.451
Becton_Dickinson,2019,NetIncome,451000000,0.451
Becton_Dickinson,2019,NetIncome,1233000000,1.233
Becton_Dickinson,2019,NetIncome,1233000000,1.233
Becton_Dickinson,2019,NetIncome,1233000000,1.233
Becton_Dickinson,2019,NetIncome,163000000,0.163
Becton_Dickinson,2019,NetIncome,163000000,0.163
Becton_Dickinson,2019,NetIncome,278000000,0.278
Becton_Dickinson,2020,NetIncome,183000000,0.183
Becton_Dickinson,2020,NetIncome,286000000,0.286
Becton_Dickinson,2020,NetIncome,874000000,0.874
Becton_Dickinson,2020,NetIncome,874000000,0.874
Becton_Dickinson,2020,NetIncome,874000000,0.874
Becton_Dickinson,2020,NetIncome,128000000,0.128
Becton_Dickinson,2021,NetIncome,2092000000,2.092
Becton_Dickinson,2021,NetIncome,2092000000,2.092
Becton_Dickinson,2021,NetIncome,2092000000,2.092
Becton_Dickinson,2022,NetIncome,1779000000,1.779
Becton_Dickinson,2022,NetIncome,1779000000,1.779
Becton_Dickinson,2022,NetIncome,1779000000,1.779
Becton_Dickinson,2023,NetIncome,1484000000,1.484
Becton_Dickinson,2023,NetIncome,1484000000,1.484
Becton_Dickinson,2023,NetIncome,1484000000,1.484
Becton_Dickinson,2024,NetIncome,1705000000,1.705
Becton_Dickinson,2024,NetIncome,1705000000,1.705
Becton_Dickinson,2025,NetIncome,1678000000,1.678
Becton_Dickinson,2015,R&D,632000000,0.632
Becton_Dickinson,2015,R&D,632000000,0.632
Becton_Dickinson,2015,R&D,632000000,0.632
Becton_Dickinson,2016,R&D,828000000,0.828
Becton_Dickinson,2016,R&D,828000000,0.828
Becton_Dickinson,2016,R&D,828000000,0.828
Becton_Dickinson,2017,R&D,774000000,0.774
Becton_Dickinson,2017,R&D,774000000,0.774
Becton_Dickinson,2017,R&D,770000000,0.77
Becton_Dickinson,2018,R&D,1006000000,1.006
Becton_Dickinson,2018,R&D,1004000000,1.004
Becton_Dickinson,2018,R&D,1004000000,1.004
Becton_Dickinson,2019,R&D,1062000000,1.062
Becton_Dickinson,2019,R&D,1062000000,1.062
Becton_Dickinson,2019,R&D,1062000000,1.062
Becton_Dickinson,2020,R&D,1096000000,1.096
Becton_Dickinson,2020,R&D,1096000000,1.096
Becton_Dickinson,2020,R&D,1039000000,1.039
Becton_Dickinson,2021,R&D,1339000000,1.339
Becton_Dickinson,2021,R&D,1279000000,1.279
Becton_Dickinson,2021,R&D,1279000000,1.279
Becton_Dickinson,2022,R&D,1256000000,1.256
Becton_Dickinson,2022,R&D,1256000000,1.256
Becton_Dickinson,2022,R&D,1256000000,1.256
Becton_Dickinson,2023,R&D,1237000000,1.237
Becton_Dickinson,2023,R&D,1237000000,1.237
Becton_Dickinson,2023,R&D,1237000000,1.237
Becton_Dickinson,2024,R&D,1190000000,1.19
Becton_Dickinson,2024,R&D,1190000000,1.19
Becton_Dickinson,2025,R&D,1265000000,1.265
Zimmer_Biomet,2016,Revenue,8831000000,8.831
Zimmer_Biomet,2017,Revenue,8668000000,8.668
Zimmer_Biomet,2017,Revenue,8668000000,8.668
Zimmer_Biomet,2018,Revenue,8423000000,8.423
Zimmer_Biomet,2018,Revenue,8423000000,8.423
Zimmer_Biomet,2018,Revenue,8423000000,8.423
Zimmer_Biomet,2019,Revenue,10333000000,10.333
Zimmer_Biomet,2019,Revenue,10333000000,10.333
Zimmer_Biomet,2019,Revenue,10333000000,10.333
Zimmer_Biomet,2020,Revenue,12552000000,12.552
Zimmer_Biomet,2020,Revenue,12552000000,12.552
Zimmer_Biomet,2020,Revenue,12552000000,12.552
Zimmer_Biomet,2021,Revenue,13877000000,13.877
Zimmer_Biomet,2021,Revenue,13877000000,13.877
Zimmer_Biomet,2021,Revenue,9339000000,9.339
Zimmer_Biomet,2022,Revenue,2370000000,2.37
Zimmer_Biomet,2022,Revenue,2408000000,2.408
Zimmer_Biomet,2022,Revenue,2415000000,2.415
Zimmer_Biomet,2022,Revenue,14528000000,14.528
Zimmer_Biomet,2022,Revenue,9719000000,9.719
Zimmer_Biomet,2022,Revenue,9720000000,9.72
Zimmer_Biomet,2022,Revenue,2526000000,2.526
Zimmer_Biomet,2023,Revenue,2397000000,2.397
Zimmer_Biomet,2023,Revenue,2400000000,2.4
Zimmer_Biomet,2023,Revenue,2424000000,2.424
Zimmer_Biomet,2023,Revenue,2427000000,2.427
Zimmer_Biomet,2023,Revenue,2489000000,2.489
Zimmer_Biomet,2023,Revenue,2492000000,2.492
Zimmer_Biomet,2023,Revenue,9821000000,9.821
Zimmer_Biomet,2023,Revenue,9831000000,9.831
Zimmer_Biomet,2023,Revenue,9831000000,9.831
Zimmer_Biomet,2023,Revenue,2510000000,2.51
Zimmer_Biomet,2023,Revenue,2512000000,2.512
Zimmer_Biomet,2024,Revenue,2468000000,2.468
Zimmer_Biomet,2024,Revenue,2468000000,2.468
Zimmer_Biomet,2024,Revenue,2490000000,2.49
Zimmer_Biomet,2024,Revenue,2490000000,2.49
Zimmer_Biomet,2024,Revenue,2570000000,2.57
Zimmer_Biomet,2024,Revenue,2570000000,2.57
Zimmer_Biomet,2024,Revenue,10127000000,10.127
Zimmer_Biomet,2024,Revenue,10127000000,10.127
Zimmer_Biomet,2024,Revenue,2599000000,2.599
Zimmer_Biomet,2024,Revenue,2599000000,2.599
Zimmer_Biomet,2025,Revenue,2532000000,2.532
Zimmer_Biomet,2025,Revenue,2616000000,2.616
Zimmer_Biomet,2025,Revenue,2717000000,2.717
Zimmer_Biomet,2025,Revenue,10677000000,10.677
Zimmer_Biomet,2025,Revenue,2812000000,2.812
Zimmer_Biomet,2015,NetIncome,631500000,0.631
Zimmer_Biomet,2015,NetIncome,632000000,0.632
Zimmer_Biomet,2015,NetIncome,632000000,0.632
Zimmer_Biomet,2016,NetIncome,568000000,0.568
Zimmer_Biomet,2016,NetIncome,568000000,0.568
Zimmer_Biomet,2016,NetIncome,525000000,0.525
Zimmer_Biomet,2017,NetIncome,1319000000,1.319
Zimmer_Biomet,2017,NetIncome,1261000000,1.261
Zimmer_Biomet,2017,NetIncome,1261000000,1.261
Zimmer_Biomet,2018,NetIncome,846000000,0.846
Zimmer_Biomet,2018,NetIncome,846000000,0.846
Zimmer_Biomet,2018,NetIncome,846000000,0.846
Zimmer_Biomet,2019,NetIncome,298000000,0.298
Zimmer_Biomet,2019,NetIncome,298000000,0.298
Zimmer_Biomet,2019,NetIncome,298000000,0.298
Zimmer_Biomet,2020,NetIncome,158000000,0.158
Zimmer_Biomet,2020,NetIncome,158000000,0.158
Zimmer_Biomet,2020,NetIncome,158000000,0.158
Zimmer_Biomet,2021,NetIncome,417000000,0.417
Zimmer_Biomet,2021,NetIncome,417000000,0.417
Zimmer_Biomet,2021,NetIncome,417000000,0.417
Zimmer_Biomet,2022,NetIncome,120000000,0.12
Zimmer_Biomet,2022,NetIncome,277000000,0.277
Zimmer_Biomet,2022,NetIncome,249000000,0.249
Zimmer_Biomet,2022,NetIncome,-16720000000,-16.72
Zimmer_Biomet,2022,NetIncome,-16720000000,-16.72
Zimmer_Biomet,2022,NetIncome,-16752000000,-16.752
Zimmer_Biomet,2022,NetIncome,-17365000000,-17.365
Zimmer_Biomet,2023,NetIncome,140000000,0.14
Zimmer_Biomet,2023,NetIncome,152000000,0.152
Zimmer_Biomet,2023,NetIncome,-6596000000,-6.596
Zimmer_Biomet,2023,NetIncome,-6594000000,-6.594
Zimmer_Biomet,2023,NetIncome,-449000000,-0.449
Zimmer_Biomet,2023,NetIncome,-461000000,-0.461
Zimmer_Biomet,2023,NetIncome,-6654000000,-6.654
Zimmer_Biomet,2023,NetIncome,-6655000000,-6.655
Zimmer_Biomet,2023,NetIncome,-6655000000,-6.655
Zimmer_Biomet,2023,NetIncome,251000000,0.251
Zimmer_Biomet,2023,NetIncome,248000000,0.248
Zimmer_Biomet,2024,NetIncome,706000000,0.706
Zimmer_Biomet,2024,NetIncome,706000000,0.706
Zimmer_Biomet,2024,NetIncome,238000000,0.238
Zimmer_Biomet,2024,NetIncome,238000000,0.238
Zimmer_Biomet,2024,NetIncome,224000000,0.224
Zimmer_Biomet,2024,NetIncome,224000000,0.224
Zimmer_Biomet,2024,NetIncome,1450000000,1.45
Zimmer_Biomet,2024,NetIncome,1450000000,1.45
Zimmer_Biomet,2024,NetIncome,281000000,0.281
Zimmer_Biomet,2024,NetIncome,281000000,0.281
Zimmer_Biomet,2025,NetIncome,77000000,0.077
Zimmer_Biomet,2025,NetIncome,-470000000,-0.47
Zimmer_Biomet,2025,NetIncome,264000000,0.264
Zimmer_Biomet,2025,NetIncome,382000000,0.382
Zimmer_Biomet,2025,NetIncome,511000000,0.511
Edwards_Lifesciences,2016,Revenue,2963700000,2.964
Edwards_Lifesciences,2017,Revenue,883500000,0.883
Edwards_Lifesciences,2017,Revenue,841800000,0.842
Edwards_Lifesciences,2017,Revenue,821500000,0.822
Edwards_Lifesciences,2017,Revenue,3435300000,3.435
Edwards_Lifesciences,2017,Revenue,3435300000,3.435
Edwards_Lifesciences,2017,Revenue,888500000,0.888
Edwards_Lifesciences,2018,Revenue,894800000,0.895
Edwards_Lifesciences,2018,Revenue,894800000,0.895
Edwards_Lifesciences,2018,Revenue,943700000,0.944
Edwards_Lifesciences,2018,Revenue,943700000,0.944
Edwards_Lifesciences,2018,Revenue,906600000,0.907
Edwards_Lifesciences,2018,Revenue,906600000,0.907
Edwards_Lifesciences,2018,Revenue,3722800000,3.723
Edwards_Lifesciences,2018,Revenue,3722800000,3.723
Edwards_Lifesciences,2018,Revenue,3722800000,3.723
Edwards_Lifesciences,2018,Revenue,977700000,0.978
Edwards_Lifesciences,2018,Revenue,977700000,0.978
Edwards_Lifesciences,2019,Revenue,993000000,0.993
Edwards_Lifesciences,2019,Revenue,993000000,0.993
Edwards_Lifesciences,2019,Revenue,1086900000,1.087
Edwards_Lifesciences,2019,Revenue,1086900000,1.087
Edwards_Lifesciences,2019,Revenue,1094000000,1.094
Edwards_Lifesciences,2019,Revenue,1094000000,1.094
Edwards_Lifesciences,2019,Revenue,4348000000,4.348
Edwards_Lifesciences,2019,Revenue,4348000000,4.348
Edwards_Lifesciences,2019,Revenue,4348000000,4.348
Edwards_Lifesciences,2019,Revenue,1174100000,1.174
Edwards_Lifesciences,2019,Revenue,1174100000,1.174
Edwards_Lifesciences,2020,Revenue,1128700000,1.129
Edwards_Lifesciences,2020,Revenue,925000000,0.925
Edwards_Lifesciences,2020,Revenue,1140900000,1.141
Edwards_Lifesciences,2020,Revenue,4386300000,4.386
Edwards_Lifesciences,2020,Revenue,4386300000,4.386
Edwards_Lifesciences,2020,Revenue,4386300000,4.386
Edwards_Lifesciences,2020,Revenue,1191700000,1.192
Edwards_Lifesciences,2021,Revenue,5232500000,5.232
Edwards_Lifesciences,2021,Revenue,5232500000,5.232
Edwards_Lifesciences,2021,Revenue,5232500000,5.232
Edwards_Lifesciences,2022,Revenue,5382400000,5.382
Edwards_Lifesciences,2022,Revenue,5382400000,5.382
Edwards_Lifesciences,2022,Revenue,4464000000,4.464
Edwards_Lifesciences,2023,Revenue,1221300000,1.221
Edwards_Lifesciences,2023,Revenue,1278900000,1.279
Edwards_Lifesciences,2023,Revenue,1243400000,1.243
Edwards_Lifesciences,2023,Revenue,6004800000,6.005
Edwards_Lifesciences,2023,Revenue,5010000000,5.01
Edwards_Lifesciences,2023,Revenue,5010000000,5.01
Edwards_Lifesciences,2023,Revenue,1266400000,1.266
Edwards_Lifesciences,2024,Revenue,1329900000,1.33
Edwards_Lifesciences,2024,Revenue,1369400000,1.369
Edwards_Lifesciences,2024,Revenue,1354400000,1.354
Edwards_Lifesciences,2024,Revenue,5439500000,5.439
Edwards_Lifesciences,2024,Revenue,5439500000,5.439
Edwards_Lifesciences,2024,Revenue,1385800000,1.386
Edwards_Lifesciences,2025,Revenue,6067600000,6.068
Edwards_Lifesciences,2021,NetIncome,1503100000,1.503
Edwards_Lifesciences,2022,NetIncome,1521900000,1.522
Edwards_Lifesciences,2022,NetIncome,1521900000,1.522
Edwards_Lifesciences,2023,NetIncome,340500000,0.341
Edwards_Lifesciences,2023,NetIncome,307100000,0.307
Edwards_Lifesciences,2023,NetIncome,384900000,0.385
Edwards_Lifesciences,2023,NetIncome,1402400000,1.402
Edwards_Lifesciences,2023,NetIncome,1402400000,1.402
Edwards_Lifesciences,2023,NetIncome,1402400000,1.402
Edwards_Lifesciences,2023,NetIncome,369900000,0.37
Edwards_Lifesciences,2024,NetIncome,351900000,0.352
Edwards_Lifesciences,2024,NetIncome,366300000,0.366
Edwards_Lifesciences,2024,NetIncome,3070800000,3.071
Edwards_Lifesciences,2024,NetIncome,4174600000,4.175
Edwards_Lifesciences,2024,NetIncome,4174600000,4.175
Edwards_Lifesciences,2024,NetIncome,385600000,0.386
Edwards_Lifesciences,2025,NetIncome,1073500000,1.073
Edwards_Lifesciences,2015,R&D,383100000,0.383
Edwards_Lifesciences,2015,R&D,383100000,0.383
Edwards_Lifesciences,2015,R&D,382900000,0.383
Edwards_Lifesciences,2016,R&D,443300000,0.443
Edwards_Lifesciences,2016,R&D,442200000,0.442
Edwards_Lifesciences,2016,R&D,442200000,0.442
Edwards_Lifesciences,2017,R&D,552600000,0.553
Edwards_Lifesciences,2017,R&D,552600000,0.553
Edwards_Lifesciences,2017,R&D,552600000,0.553
Edwards_Lifesciences,2018,R&D,622200000,0.622
Edwards_Lifesciences,2018,R&D,622200000,0.622
Edwards_Lifesciences,2018,R&D,622200000,0.622
Edwards_Lifesciences,2019,R&D,752700000,0.753
Edwards_Lifesciences,2019,R&D,752700000,0.753
Edwards_Lifesciences,2019,R&D,752700000,0.753
Edwards_Lifesciences,2020,R&D,760700000,0.761
Edwards_Lifesciences,2020,R&D,760700000,0.761
Edwards_Lifesciences,2020,R&D,760700000,0.761
Edwards_Lifesciences,2021,R&D,903100000,0.903
Edwards_Lifesciences,2021,R&D,903100000,0.903
Edwards_Lifesciences,2021,R&D,903100000,0.903
Edwards_Lifesciences,2022,R&D,945200000,0.945
Edwards_Lifesciences,2022,R&D,945200000,0.945
Edwards_Lifesciences,2022,R&D,843600000,0.844
Edwards_Lifesciences,2023,R&D,1071800000,1.072
Edwards_Lifesciences,2023,R&D,962900000,0.963
Edwards_Lifesciences,2023,R&D,962900000,0.963
Edwards_Lifesciences,2024,R&D,1053000000,1.053
Edwards_Lifesciences,2024,R&D,1053000000,1.053
Edwards_Lifesciences,2025,R&D,1079200000,1.079
Hologic,2015,Revenue,655500000,0.655
Hologic,2015,Revenue,655500000,0.655
Hologic,2015,Revenue,693900000,0.694
Hologic,2015,Revenue,693900000,0.694
Hologic,2015,Revenue,2705000000,2.705
Hologic,2015,Revenue,2705000000,2.705
Hologic,2015,Revenue,2705000000,2.705
Hologic,2015,Revenue,702800000,0.703
Hologic,2015,Revenue,702800000,0.703
Hologic,2015,Revenue,695200000,0.695
Hologic,2015,Revenue,695200000,0.695
Hologic,2016,Revenue,693300000,0.693
Hologic,2016,Revenue,693300000,0.693
Hologic,2016,Revenue,717400000,0.717
Hologic,2016,Revenue,717400000,0.717
Hologic,2016,Revenue,2832700000,2.833
Hologic,2016,Revenue,2832700000,2.833
Hologic,2016,Revenue,2832700000,2.833
Hologic,2016,Revenue,726800000,0.727
Hologic,2016,Revenue,726800000,0.727
Hologic,2016,Revenue,734400000,0.734
Hologic,2016,Revenue,700000,0.001
Hologic,2017,Revenue,715400000,0.715
Hologic,2017,Revenue,700000,0.001
Hologic,2017,Revenue,806100000,0.806
Hologic,2017,Revenue,800000,0.001
Hologic,2017,Revenue,3058800000,3.059
Hologic,2017,Revenue,3058800000,3.059
Hologic,2017,Revenue,3058800000,3.059
Hologic,2017,Revenue,802900000,0.803
Hologic,2017,Revenue,800000,0.001
Hologic,2017,Revenue,791100000,0.791
Hologic,2017,Revenue,791100000,0.791
Hologic,2018,Revenue,789300000,0.789
Hologic,2018,Revenue,789300000,0.789
Hologic,2018,Revenue,824000000,0.824
Hologic,2018,Revenue,824000000,0.824
Hologic,2018,Revenue,3217900000,3.218
Hologic,2018,Revenue,3217900000,3.218
Hologic,2018,Revenue,3217900000,3.218
Hologic,2018,Revenue,813500000,0.814
Hologic,2018,Revenue,813500000,0.814
Hologic,2018,Revenue,830700000,0.831
Hologic,2018,Revenue,830700000,0.831
Hologic,2019,Revenue,818400000,0.818
Hologic,2019,Revenue,818400000,0.818
Hologic,2019,Revenue,852400000,0.852
Hologic,2019,Revenue,852400000,0.852
Hologic,2019,Revenue,3367300000,3.367
Hologic,2019,Revenue,3367300000,3.367
Hologic,2019,Revenue,3367300000,3.367
Hologic,2019,Revenue,865800000,0.866
Hologic,2019,Revenue,865800000,0.866
Hologic,2019,Revenue,850500000,0.851
Hologic,2020,Revenue,756100000,0.756
Hologic,2020,Revenue,822900000,0.823
Hologic,2020,Revenue,3776400000,3.776
Hologic,2020,Revenue,3776400000,3.776
Hologic,2020,Revenue,3776400000,3.776
Hologic,2020,Revenue,1347000000,1.347
Hologic,2021,Revenue,5632300000,5.632
Hologic,2021,Revenue,5632300000,5.632
Hologic,2021,Revenue,5632300000,5.632
Hologic,2022,Revenue,4862800000,4.863
Hologic,2022,Revenue,4862800000,4.863
Hologic,2022,Revenue,4862800000,4.863
Hologic,2023,Revenue,4030400000,4.03
Hologic,2023,Revenue,4030400000,4.03
Hologic,2023,Revenue,4030400000,4.03
Hologic,2024,Revenue,4030300000,4.03
Hologic,2024,Revenue,4030300000,4.03
Hologic,2025,Revenue,4100500000,4.101
Hologic,2015,NetIncome,47800000,0.048
Hologic,2015,NetIncome,47800000,0.048
Hologic,2015,NetIncome,29400000,0.029
Hologic,2015,NetIncome,29400000,0.029
Hologic,2015,NetIncome,131600000,0.132
Hologic,2015,NetIncome,131600000,0.132
Hologic,2015,NetIncome,131600000,0.132
Hologic,2015,NetIncome,25200000,0.025
Hologic,2015,NetIncome,25200000,0.025
Hologic,2015,NetIncome,84900000,0.085
Hologic,2015,NetIncome,84900000,0.085
Hologic,2016,NetIncome,68900000,0.069
Hologic,2016,NetIncome,68900000,0.069
Hologic,2016,NetIncome,84800000,0.085
Hologic,2016,NetIncome,84800000,0.085
Hologic,2016,NetIncome,330800000,0.331
Hologic,2016,NetIncome,330800000,0.331
Hologic,2016,NetIncome,330800000,0.331
Hologic,2016,NetIncome,92200000,0.092
Hologic,2016,NetIncome,92200000,0.092
Hologic,2016,NetIncome,86500000,0.086
Hologic,2016,NetIncome,100000,0.0
Hologic,2017,NetIncome,526800000,0.527
Hologic,2017,NetIncome,500000,0.001
Hologic,2017,NetIncome,59500000,0.059
Hologic,2017,NetIncome,100000,0.0
Hologic,2017,NetIncome,755500000,0.755
Hologic,2017,NetIncome,755500000,0.755
Hologic,2017,NetIncome,755500000,0.755
Hologic,2017,NetIncome,82700000,0.083
Hologic,2017,NetIncome,100000,0.0
Hologic,2017,NetIncome,406700000,0.407
Hologic,2017,NetIncome,406700000,0.407
Hologic,2018,NetIncome,-681400000,-0.681
Hologic,2018,NetIncome,-681400000,-0.681
Hologic,2018,NetIncome,112900000,0.113
Hologic,2018,NetIncome,112900000,0.113
Hologic,2018,NetIncome,-111300000,-0.111
Hologic,2018,NetIncome,-111300000,-0.111
Hologic,2018,NetIncome,-111300000,-0.111
Hologic,2018,NetIncome,50500000,0.051
Hologic,2018,NetIncome,50500000,0.051
Hologic,2018,NetIncome,98600000,0.099
Hologic,2018,NetIncome,98600000,0.099
Hologic,2019,NetIncome,-272600000,-0.273
Hologic,2019,NetIncome,-272600000,-0.273
Hologic,2019,NetIncome,93900000,0.094
Hologic,2019,NetIncome,93900000,0.094
Hologic,2019,NetIncome,-203600000,-0.204
Hologic,2019,NetIncome,-203600000,-0.204
Hologic,2019,NetIncome,-203600000,-0.204
Hologic,2019,NetIncome,-123500000,-0.123
Hologic,2019,NetIncome,-123500000,-0.123
Hologic,2019,NetIncome,386100000,0.386
Hologic,2020,NetIncome,96300000,0.096
Hologic,2020,NetIncome,137900000,0.138
Hologic,2020,NetIncome,1115200000,1.115
Hologic,2020,NetIncome,1115200000,1.115
Hologic,2020,NetIncome,1115200000,1.115
Hologic,2020,NetIncome,495000000,0.495
Hologic,2021,NetIncome,1871500000,1.871
Hologic,2021,NetIncome,1871500000,1.871
Hologic,2021,NetIncome,1871500000,1.871
Hologic,2022,NetIncome,1302000000,1.302
Hologic,2022,NetIncome,1302000000,1.302
Hologic,2022,NetIncome,1302000000,1.302
Hologic,2023,NetIncome,456000000,0.456
Hologic,2023,NetIncome,456000000,0.456
Hologic,2023,NetIncome,456000000,0.456
Hologic,2024,NetIncome,789500000,0.789
Hologic,2024,NetIncome,789500000,0.789
Hologic,2025,NetIncome,565700000,0.566
Hologic,2015,R&D,214900000,0.215
Hologic,2015,R&D,214900000,0.215
Hologic,2015,R&D,214900000,0.215
Hologic,2016,R&D,232100000,0.232
Hologic,2016,R&D,232100000,0.232
Hologic,2016,R&D,232100000,0.232
Hologic,2017,R&D,232800000,0.233
Hologic,2017,R&D,232800000,0.233
Hologic,2017,R&D,232800000,0.233
Hologic,2018,R&D,218700000,0.219
Hologic,2018,R&D,218700000,0.219
Hologic,2018,R&D,218700000,0.219
Hologic,2019,R&D,232200000,0.232
Hologic,2019,R&D,232200000,0.232
Hologic,2019,R&D,232200000,0.232
Hologic,2020,R&D,222500000,0.223
Hologic,2020,R&D,222500000,0.223
Hologic,2020,R&D,222500000,0.223
Hologic,2021,R&D,276300000,0.276
Hologic,2021,R&D,276300000,0.276
Hologic,2021,R&D,276300000,0.276
Hologic,2022,R&D,283400000,0.283
Hologic,2022,R&D,283400000,0.283
Hologic,2022,R&D,283400000,0.283
Hologic,2023,R&D,294300000,0.294
Hologic,2023,R&D,294300000,0.294
Hologic,2023,R&D,294300000,0.294
Hologic,2024,R&D,272800000,0.273
Hologic,2024,R&D,272800000,0.273
Hologic,2025,R&D,248200000,0.248
Intuitive_Surgical,2016,Revenue,2706500000,2.707
Intuitive_Surgical,2017,Revenue,679600000,0.68
Intuitive_Surgical,2017,Revenue,758800000,0.759
Intuitive_Surgical,2017,Revenue,807800000,0.808
Intuitive_Surgical,2017,Revenue,3138200000,3.138
Intuitive_Surgical,2017,Revenue,3138200000,3.138
Intuitive_Surgical,2017,Revenue,892000000,0.892
Intuitive_Surgical,2018,Revenue,847500000,0.848
Intuitive_Surgical,2018,Revenue,847500000,0.848
Intuitive_Surgical,2018,Revenue,909300000,0.909
Intuitive_Surgical,2018,Revenue,909300000,0.909
Intuitive_Surgical,2018,Revenue,920900000,0.921
Intuitive_Surgical,2018,Revenue,920900000,0.921
Intuitive_Surgical,2018,Revenue,3724200000,3.724
Intuitive_Surgical,2018,Revenue,3724200000,3.724
Intuitive_Surgical,2018,Revenue,3724200000,3.724
Intuitive_Surgical,2018,Revenue,1046500000,1.046
Intuitive_Surgical,2018,Revenue,1046500000,1.046
Intuitive_Surgical,2019,Revenue,973700000,0.974
Intuitive_Surgical,2019,Revenue,973700000,0.974
Intuitive_Surgical,2019,Revenue,1098900000,1.099
Intuitive_Surgical,2019,Revenue,1098900000,1.099
Intuitive_Surgical,2019,Revenue,1128200000,1.128
Intuitive_Surgical,2019,Revenue,1128200000,1.128
Intuitive_Surgical,2019,Revenue,4478500000,4.479
Intuitive_Surgical,2019,Revenue,4478500000,4.479
Intuitive_Surgical,2019,Revenue,4478500000,4.479
Intuitive_Surgical,2019,Revenue,1277700000,1.278
Intuitive_Surgical,2019,Revenue,1277700000,1.278
Intuitive_Surgical,2020,Revenue,1099500000,1.099
Intuitive_Surgical,2020,Revenue,1099500000,1.099
Intuitive_Surgical,2020,Revenue,852100000,0.852
Intuitive_Surgical,2020,Revenue,852100000,0.852
Intuitive_Surgical,2020,Revenue,1077700000,1.078
Intuitive_Surgical,2020,Revenue,1077700000,1.078
Intuitive_Surgical,2020,Revenue,4358400000,4.358
Intuitive_Surgical,2020,Revenue,4358400000,4.358
Intuitive_Surgical,2020,Revenue,4358400000,4.358
Intuitive_Surgical,2020,Revenue,1329100000,1.329
Intuitive_Surgical,2020,Revenue,1329100000,1.329
Intuitive_Surgical,2021,Revenue,1292100000,1.292
Intuitive_Surgical,2021,Revenue,1464000000,1.464
Intuitive_Surgical,2021,Revenue,1403300000,1.403
Intuitive_Surgical,2021,Revenue,5710100000,5.71
Intuitive_Surgical,2021,Revenue,5710100000,5.71
Intuitive_Surgical,2021,Revenue,5710100000,5.71
Intuitive_Surgical,2021,Revenue,1550700000,1.551
Intuitive_Surgical,2022,Revenue,6222200000,6.222
Intuitive_Surgical,2022,Revenue,6222200000,6.222
Intuitive_Surgical,2022,Revenue,6222200000,6.222
Intuitive_Surgical,2023,Revenue,7124100000,7.124
Intuitive_Surgical,2023,Revenue,7124100000,7.124
Intuitive_Surgical,2023,Revenue,7124100000,7.124
Intuitive_Surgical,2024,Revenue,8352100000,8.352
Intuitive_Surgical,2024,Revenue,8352100000,8.352
Intuitive_Surgical,2025,Revenue,10064700000,10.065
Intuitive_Surgical,2015,NetIncome,97000000,0.097
Intuitive_Surgical,2015,NetIncome,97000000,0.097
Intuitive_Surgical,2015,NetIncome,134500000,0.135
Intuitive_Surgical,2015,NetIncome,134500000,0.135
Intuitive_Surgical,2015,NetIncome,167300000,0.167
Intuitive_Surgical,2015,NetIncome,167300000,0.167
Intuitive_Surgical,2015,NetIncome,588800000,0.589
Intuitive_Surgical,2015,NetIncome,588800000,0.589
Intuitive_Surgical,2015,NetIncome,588800000,0.589
Intuitive_Surgical,2015,NetIncome,190000000,0.19
Intuitive_Surgical,2015,NetIncome,190000000,0.19
Intuitive_Surgical,2016,NetIncome,136400000,0.136
Intuitive_Surgical,2016,NetIncome,136400000,0.136
Intuitive_Surgical,2016,NetIncome,184500000,0.184
Intuitive_Surgical,2016,NetIncome,184500000,0.184
Intuitive_Surgical,2016,NetIncome,211000000,0.211
Intuitive_Surgical,2016,NetIncome,211000000,0.211
Intuitive_Surgical,2016,NetIncome,735900000,0.736
Intuitive_Surgical,2016,NetIncome,735900000,0.736
Intuitive_Surgical,2016,NetIncome,738300000,0.738
Intuitive_Surgical,2016,NetIncome,204000000,0.204
Intuitive_Surgical,2016,NetIncome,204000000,0.204
Intuitive_Surgical,2017,NetIncome,179800000,0.18
Intuitive_Surgical,2017,NetIncome,180800000,0.181
Intuitive_Surgical,2017,NetIncome,221500000,0.222
Intuitive_Surgical,2017,NetIncome,223000000,0.223
Intuitive_Surgical,2017,NetIncome,297500000,0.297
Intuitive_Surgical,2017,NetIncome,298600000,0.299
Intuitive_Surgical,2017,NetIncome,660000000,0.66
Intuitive_Surgical,2017,NetIncome,670900000,0.671
Intuitive_Surgical,2017,NetIncome,670900000,0.671
Intuitive_Surgical,2017,NetIncome,-38800000,-0.039
Intuitive_Surgical,2017,NetIncome,-31500000,-0.032
Intuitive_Surgical,2018,NetIncome,287600000,0.288
Intuitive_Surgical,2018,NetIncome,287600000,0.288
Intuitive_Surgical,2018,NetIncome,255300000,0.255
Intuitive_Surgical,2018,NetIncome,255300000,0.255
Intuitive_Surgical,2018,NetIncome,292500000,0.292
Intuitive_Surgical,2018,NetIncome,292500000,0.292
Intuitive_Surgical,2018,NetIncome,1127900000,1.128
Intuitive_Surgical,2018,NetIncome,1127900000,1.128
Intuitive_Surgical,2018,NetIncome,1127900000,1.128
Intuitive_Surgical,2018,NetIncome,292500000,0.292
Intuitive_Surgical,2018,NetIncome,292500000,0.292
Intuitive_Surgical,2019,NetIncome,306500000,0.306
Intuitive_Surgical,2019,NetIncome,306500000,0.306
Intuitive_Surgical,2019,NetIncome,318300000,0.318
Intuitive_Surgical,2019,NetIncome,318300000,0.318
Intuitive_Surgical,2019,NetIncome,396800000,0.397
Intuitive_Surgical,2019,NetIncome,396800000,0.397
Intuitive_Surgical,2019,NetIncome,1379300000,1.379
Intuitive_Surgical,2019,NetIncome,1379300000,1.379
Intuitive_Surgical,2019,NetIncome,1379300000,1.379
Intuitive_Surgical,2019,NetIncome,357700000,0.358
Intuitive_Surgical,2019,NetIncome,357700000,0.358
Intuitive_Surgical,2020,NetIncome,313500000,0.314
Intuitive_Surgical,2020,NetIncome,313500000,0.314
Intuitive_Surgical,2020,NetIncome,68000000,0.068
Intuitive_Surgical,2020,NetIncome,68000000,0.068
Intuitive_Surgical,2020,NetIncome,313900000,0.314
Intuitive_Surgical,2020,NetIncome,313900000,0.314
Intuitive_Surgical,2020,NetIncome,1060600000,1.061
Intuitive_Surgical,2020,NetIncome,1060600000,1.061
Intuitive_Surgical,2020,NetIncome,1060600000,1.061
Intuitive_Surgical,2020,NetIncome,365200000,0.365
Intuitive_Surgical,2020,NetIncome,365200000,0.365
Intuitive_Surgical,2021,NetIncome,426300000,0.426
Intuitive_Surgical,2021,NetIncome,517200000,0.517
Intuitive_Surgical,2021,NetIncome,380500000,0.381
Intuitive_Surgical,2021,NetIncome,1704600000,1.705
Intuitive_Surgical,2021,NetIncome,1704600000,1.705
Intuitive_Surgical,2021,NetIncome,1704600000,1.705
Intuitive_Surgical,2021,NetIncome,380600000,0.381
Intuitive_Surgical,2022,NetIncome,1322300000,1.322
Intuitive_Surgical,2022,NetIncome,1322300000,1.322
Intuitive_Surgical,2022,NetIncome,1322300000,1.322
Intuitive_Surgical,2023,NetIncome,1798000000,1.798
Intuitive_Surgical,2023,NetIncome,1798000000,1.798
Intuitive_Surgical,2023,NetIncome,1798000000,1.798
Intuitive_Surgical,2024,NetIncome,2322600000,2.323
Intuitive_Surgical,2024,NetIncome,2322600000,2.323
Intuitive_Surgical,2025,NetIncome,2856000000,2.856
Intuitive_Surgical,2015,R&D,197400000,0.197
Intuitive_Surgical,2015,R&D,197400000,0.197
Intuitive_Surgical,2015,R&D,197400000,0.197
Intuitive_Surgical,2016,R&D,239600000,0.24
Intuitive_Surgical,2016,R&D,239600000,0.24
Intuitive_Surgical,2016,R&D,239600000,0.24
Intuitive_Surgical,2017,R&D,328600000,0.329
Intuitive_Surgical,2017,R&D,328600000,0.329
Intuitive_Surgical,2017,R&D,328600000,0.329
Intuitive_Surgical,2018,R&D,418100000,0.418
Intuitive_Surgical,2018,R&D,418100000,0.418
Intuitive_Surgical,2018,R&D,418100000,0.418
Intuitive_Surgical,2019,R&D,557300000,0.557
Intuitive_Surgical,2019,R&D,557300000,0.557
Intuitive_Surgical,2019,R&D,557300000,0.557
Intuitive_Surgical,2020,R&D,595100000,0.595
Intuitive_Surgical,2020,R&D,595100000,0.595
Intuitive_Surgical,2020,R&D,595100000,0.595
Intuitive_Surgical,2021,R&D,671000000,0.671
Intuitive_Surgical,2021,R&D,671000000,0.671
Intuitive_Surgical,2021,R&D,671000000,0.671
Intuitive_Surgical,2022,R&D,879000000,0.879
Intuitive_Surgical,2022,R&D,879000000,0.879
Intuitive_Surgical,2022,R&D,879000000,0.879
Intuitive_Surgical,2023,R&D,998800000,0.999
Intuitive_Surgical,2023,R&D,998800000,0.999
Intuitive_Surgical,2023,R&D,998800000,0.999
Intuitive_Surgical,2024,R&D,1145300000,1.145
Intuitive_Surgical,2024,R&D,1145300000,1.145
Intuitive_Surgical,2025,R&D,1311800000,1.312
Dexcom,2015,Revenue,103288000,0.103
Dexcom,2015,Revenue,103288000,0.103
Dexcom,2015,Revenue,103288000,0.103
Dexcom,2016,Revenue,15332000,0.015
Dexcom,2016,Revenue,20459000,0.02
Dexcom,2016,Revenue,17559000,0.018
Dexcom,2016,Revenue,85928000,0.086
Dexcom,2016,Revenue,85928000,0.086
Dexcom,2016,Revenue,82819000,0.083
Dexcom,2016,Revenue,32578000,0.033
Dexcom,2017,Revenue,15235000,0.015
Dexcom,2017,Revenue,22604000,0.023
Dexcom,2017,Revenue,61427000,0.061
Dexcom,2017,Revenue,132929000,0.133
Dexcom,2017,Revenue,100153000,0.1
Dexcom,2017,Revenue,100153000,0.1
Dexcom,2017,Revenue,33663000,0.034
Dexcom,2018,Revenue,174632000,0.175
Dexcom,2018,Revenue,174632000,0.175
Dexcom,2018,Revenue,174215000,0.174
Dexcom,2019,Revenue,230239000,0.23
Dexcom,2019,Revenue,229975000,0.23
Dexcom,2019,Revenue,229975000,0.23
Dexcom,2019,Revenue,91607000,0.092
Dexcom,2020,Revenue,40819000,0.041
Dexcom,2020,Revenue,108814000,0.109
Dexcom,2020,Revenue,67995000,0.068
Dexcom,2020,Revenue,215862000,0.216
Dexcom,2020,Revenue,107048000,0.107
Dexcom,2020,Revenue,-93237000,-0.093
Dexcom,2020,Revenue,-93237000,-0.093
Dexcom,2020,Revenue,-93237000,-0.093
Dexcom,2021,Revenue,502342000,0.502
Dexcom,2021,Revenue,502342000,0.502
Dexcom,2021,Revenue,502342000,0.502
Dexcom,2022,Revenue,701440000,0.701
Dexcom,2022,Revenue,701440000,0.701
Dexcom,2022,Revenue,701440000,0.701
Dexcom,2023,Revenue,891340000,0.891
Dexcom,2023,Revenue,891340000,0.891
Dexcom,2023,Revenue,891340000,0.891
Dexcom,2024,Revenue,628814000,0.629
Dexcom,2024,Revenue,628814000,0.629
Dexcom,2025,Revenue,709919000,0.71
Dexcom,2015,NetIncome,-55690000,-0.056
Dexcom,2015,NetIncome,-55690000,-0.056
Dexcom,2015,NetIncome,-55690000,-0.056
Dexcom,2016,NetIncome,-57487000,-0.057
Dexcom,2016,NetIncome,-57487000,-0.057
Dexcom,2016,NetIncome,-57487000,-0.057
Dexcom,2017,NetIncome,-127080000,-0.127
Dexcom,2017,NetIncome,-127080000,-0.127
Dexcom,2017,NetIncome,-127080000,-0.127
Dexcom,2018,NetIncome,-78115000,-0.078
Dexcom,2018,NetIncome,-78115000,-0.078
Dexcom,2018,NetIncome,-85608000,-0.086
Dexcom,2019,NetIncome,-30547000,-0.031
Dexcom,2019,NetIncome,-47885000,-0.048
Dexcom,2019,NetIncome,-17338000,-0.017
Dexcom,2019,NetIncome,-65707000,-0.066
Dexcom,2019,NetIncome,-17822000,-0.018
Dexcom,2019,NetIncome,-85465000,-0.085
Dexcom,2019,NetIncome,-83743000,-0.084
Dexcom,2019,NetIncome,-83743000,-0.084
Dexcom,2019,NetIncome,-18036000,-0.018
Dexcom,2020,NetIncome,-37432000,-0.037
Dexcom,2020,NetIncome,-46833000,-0.047
Dexcom,2020,NetIncome,-9401000,-0.009
Dexcom,2020,NetIncome,-112050000,-0.112
Dexcom,2020,NetIncome,-65217000,-0.065
Dexcom,2020,NetIncome,-596155000,-0.596
Dexcom,2020,NetIncome,-596155000,-0.596
Dexcom,2020,NetIncome,-596155000,-0.596
Dexcom,2021,NetIncome,-459965000,-0.46
Dexcom,2021,NetIncome,-459965000,-0.46
Dexcom,2021,NetIncome,-459965000,-0.46
Dexcom,2022,NetIncome,-724008000,-0.724
Dexcom,2022,NetIncome,-724008000,-0.724
Dexcom,2022,NetIncome,-724008000,-0.724
Dexcom,2023,NetIncome,-1368833000,-1.369
Dexcom,2023,NetIncome,-1368833000,-1.369
Dexcom,2023,NetIncome,-1368833000,-1.369
Dexcom,2024,NetIncome,-2104701000,-2.105
Dexcom,2024,NetIncome,-2104701000,-2.105
Dexcom,2025,NetIncome,-1631594000,-1.632
Dexcom,2015,R&D,14948000,0.015
Dexcom,2015,R&D,14948000,0.015
Dexcom,2015,R&D,14948000,0.015
Dexcom,2016,R&D,21177000,0.021
Dexcom,2016,R&D,21177000,0.021
Dexcom,2016,R&D,21177000,0.021
Dexcom,2017,R&D,28693000,0.029
Dexcom,2017,R&D,28693000,0.029
Dexcom,2017,R&D,28693000,0.029
Dexcom,2018,R&D,33907000,0.034
Dexcom,2018,R&D,33907000,0.034
Dexcom,2018,R&D,12750000,0.013
Dexcom,2019,R&D,3006000,0.003
Dexcom,2019,R&D,6614000,0.007
Dexcom,2019,R&D,3608000,0.004
Dexcom,2019,R&D,10177000,0.01
Dexcom,2019,R&D,3563000,0.004
Dexcom,2019,R&D,33675000,0.034
Dexcom,2019,R&D,15059000,0.015
Dexcom,2019,R&D,15059000,0.015
Dexcom,2019,R&D,4882000,0.005
Dexcom,2020,R&D,4774000,0.005
Dexcom,2020,R&D,9647000,0.01
Dexcom,2020,R&D,4873000,0.005
Dexcom,2020,R&D,17033000,0.017
Dexcom,2020,R&D,7386000,0.007
Dexcom,2020,R&D,27848000,0.028
Dexcom,2020,R&D,27848000,0.028
Dexcom,2020,R&D,27848000,0.028
Dexcom,2021,R&D,64762000,0.065
Dexcom,2021,R&D,64762000,0.065
Dexcom,2021,R&D,64762000,0.065
Dexcom,2022,R&D,99579000,0.1
Dexcom,2022,R&D,99579000,0.1
Dexcom,2022,R&D,99579000,0.1
Dexcom,2023,R&D,113745000,0.114
Dexcom,2023,R&D,113745000,0.114
Dexcom,2023,R&D,113745000,0.114
Dexcom,2024,R&D,77226000,0.077
Dexcom,2024,R&D,77226000,0.077
Dexcom,2025,R&D,57960000,0.058
